1,0.08,1000000000.00,1000000000.00,1000000000.00,1000000000.00,1000000000.00,1000000000.00,1000000000.00,1000000000.00,20,20.0,120.00,500.00,120.00,120.00,120.00,500.00,20.00,400.00,340.00,440.00,120.00,120.00,460.00,120.00,40.00,380.00,140.00,80.00,120.00,120.00
2,0.09,1000000000.00,1000000000.00,1000000000.00,1000000000.00,1000000000.00,1000000000.00,1000000000.00,1000000000.00,20,20.0,40.00,120.00,20.00,40.00,960.00,120.00,20.00,120.00,440.00,100.00,120.00,120.00,120.00,300.00,40.00,120.00,500.00,80.00,20.00,20.00
3,0.10,1000000000.00,1000000000.00,1000000000.00,1000000000.00,1000000000.00,1000000000.00,1000000000.00,1000000000.00,20,20.0,120.00,120.00,120.00,20.00,120.00,80.00,20.00,120.00,80.00,120.00,120.00,60.00,120.00,20.00,60.00,360.00,80.00,100.00,120.00,420.00
4,0.13,10000000000.00,10000000000.00,5.43,8.70,12.39,10000000000.00,5.43,10000000000.00,21,21.0,147.00,126.00,441.00,105.00,126.00,126.00,126.00,126.00,105.00,126.00,126.00,126.00,126.00,126.00,126.00,126.00,21.00,126.00,126.00,21.00,126.00
5,0.12,0.91,0.83,5.43,8.70,12.39,0.83,5.43,0.82,20,20.0,120.00,120.00,520.00,120.00,120.00,100.00,120.00,120.00,140.00,120.00,440.00,380.00,120.00,120.00,480.00,140.00,120.00,120.00,120.00,120.00
6,0.16,0.91,0.83,5.43,8.70,12.39,0.83,5.43,0.82,20,20.0,620.00,120.00,120.00,520.00,20.00,40.00,120.00,120.00,120.00,120.00,120.00,120.00,260.00,120.00,500.00,60.00,40.00,120.00,120.00,120.00
7,0.13,9.06,8.33,0.60,0.39,0.35,8.33,0.60,8.19,21,21.0,441.00,126.00,126.00,126.00,126.00,126.00,42.00,462.00,126.00,126.00,42.00,126.00,126.00,21.00,126.00,126.00,105.00,21.00,105.00,42.00,126.00
8,0.17,9.06,8.33,0.60,0.39,0.35,8.33,0.60,8.19,21,21.0,126.00,126.00,42.00,126.00,126.00,63.00,126.00,21.00,525.00,126.00,399.00,126.00,126.00,126.00,126.00,105.00,126.00,105.00,126.00,525.00,126.00
9,0.19,9.06,8.33,0.60,0.39,0.35,8.33,0.60,8.19,21,21.0,126.00,126.00,21.00,126.00,126.00,126.00,357.00,126.00,525.00,126.00,105.00,126.00,126.00,126.00,126.00,126.00,126.00,441.00,42.00,126.00,126.00
10,0.23,0.68,1.15,0.60,0.39,0.35,1.15,0.60,1.36,22,22.0,528.00,132.00,132.00,550.00,462.00,22.00,440.00,88.00,22.00,132.00,132.00,132.00,550.00,506.00,132.00,132.00,440.00,132.00,1408.00,440.00,22.00,154.00
11,0.17,1.13,1.99,0.60,0.39,0.35,1.99,0.60,1.82,23,23.0,138.00,138.00,138.00,138.00,552.00,322.00,138.00,598.00,138.00,138.00,69.00,138.00,138.00,138.00,138.00,138.00,138.00,575.00,92.00,138.00,138.00,23.00,552.00
12,0.20,1.13,1.99,0.60,0.39,0.35,1.99,0.60,1.82,23,23.0,138.00,23.00,138.00,552.00,575.00,736.00,115.00,552.00,138.00,138.00,115.00,437.00,46.00,529.00,138.00,138.00,138.00,138.00,115.00,138.00,92.00,138.00,138.00
13,0.20,1.13,1.99,0.60,0.39,0.35,1.99,0.60,1.82,23,23.0,391.00,23.00,138.00,598.00,138.00,138.00,552.00,138.00,575.00,782.00,138.00,161.00,23.00,414.00,138.00,138.00,138.00,46.00,138.00,138.00,92.00,92.00,437.00
14,0.30,1.13,1.99,0.60,0.39,0.35,1.99,0.60,1.82,23,23.0,138.00,138.00,138.00,138.00,529.00,69.00,23.00,138.00,138.00,46.00,138.00,92.00,460.00,391.00,46.00,138.00,138.00,437.00,46.00,46.00,506.00,138.00,138.00
15,0.31,0.38,0.48,6.00,3.95,3.55,0.48,6.00,0.55,22,22.0,110.00,352.00,22.00,132.00,484.00,484.00,132.00,572.00,110.00,44.00,132.00,132.00,132.00,132.00,550.00,550.00,110.00,132.00,132.00,22.00,440.00,132.00
16,0.32,0.38,0.48,0.35,0.18,0.03,0.48,0.35,0.55,21,23.0,138.00,391.00,138.00,161.00,575.00,138.00,138.00,115.00,368.00,23.00,138.00,138.00,138.00,69.00,138.00,138.00,138.00,138.00,575.00,483.00,552.00
17,0.31,0.38,0.48,0.35,0.18,0.03,0.48,0.35,0.55,21,23.0,69.00,506.00,138.00,138.00,23.00,138.00,368.00,138.00,460.00,23.00,161.00,483.00,138.00,138.00,138.00,575.00,138.00,69.00,115.00,552.00,138.00
18,0.34,0.38,0.48,0.35,0.18,0.03,0.48,0.35,0.55,21,23.0,161.00,138.00,506.00,138.00,138.00,529.00,368.00,138.00,23.00,23.00,138.00,529.00,138.00,23.00,138.00,138.00,23.00,23.00,460.00,138.00,138.00
19,0.36,0.38,0.48,2.46,4.45,0.03,3.69,0.35,4.45,20,24.0,144.00,24.00,144.00,144.00,120.00,144.00,24.00,24.00,144.00,144.00,48.00,72.00,168.00,24.00,144.00,144.00,144.00,456.00,144.00,624.00
20,0.40,0.38,0.48,2.66,1.85,0.03,1.61,0.35,1.85,19,25.0,25.00,75.00,150.00,125.00,325.00,150.00,150.00,75.00,625.00,525.00,25.00,550.00,650.00,150.00,150.00,175.00,150.00,150.00,150.00
21,0.35,0.38,0.48,0.16,0.45,0.03,0.47,0.35,0.45,18,26.0,572.00,156.00,156.00,156.00,156.00,156.00,130.00,156.00,156.00,156.00,156.00,26.00,156.00,156.00,572.00,520.00,52.00,156.00
22,0.37,0.38,0.48,0.16,0.45,0.03,0.47,0.35,0.45,18,26.0,624.00,156.00,494.00,156.00,156.00,156.00,52.00,52.00,156.00,156.00,156.00,26.00,156.00,520.00,156.00,156.00,156.00,156.00
23,0.46,0.38,0.48,0.16,0.45,0.03,0.47,0.35,0.45,18,26.0,338.00,130.00,156.00,156.00,156.00,156.00,156.00,156.00,156.00,156.00,156.00,130.00,156.00,546.00,26.00,156.00,156.00,104.00
24,0.43,3.81,4.77,1.69,0.95,0.28,1.15,3.53,0.95,19,25.0,150.00,150.00,175.00,75.00,150.00,125.00,150.00,575.00,475.00,525.00,150.00,1150.00,150.00,550.00,150.00,650.00,625.00,25.00,125.00
25,0.31,3.81,4.77,1.69,0.95,0.28,1.15,3.53,0.95,19,25.0,150.00,150.00,125.00,550.00,150.00,150.00,150.00,175.00,150.00,550.00,150.00,150.00,150.00,150.00,125.00,150.00,150.00,150.00,175.00
26,0.43,3.81,4.77,1.69,0.95,0.28,1.15,3.53,0.95,19,25.0,150.00,150.00,150.00,100.00,150.00,500.00,150.00,150.00,150.00,150.00,150.00,575.00,150.00,150.00,75.00,150.00,575.00,150.00,150.00
27,0.50,3.81,4.77,1.69,0.95,0.28,1.15,3.53,0.95,19,25.0,150.00,150.00,150.00,25.00,150.00,150.00,475.00,50.00,150.00,150.00,150.00,150.00,100.00,600.00,150.00,525.00,550.00,650.00,450.00
28,0.50,1.70,0.89,1.69,0.95,1.70,1.15,2.08,0.95,18,24.0,144.00,96.00,168.00,600.00,144.00,144.00,144.00,144.00,168.00,72.00,504.00,144.00,144.00,576.00,48.00,24.00,576.00,144.00
29,0.52,1.70,0.89,1.69,0.95,1.70,1.15,2.08,0.95,18,24.0,144.00,144.00,144.00,528.00,528.00,72.00,528.00,48.00,576.00,144.00,24.00,624.00,240.00,144.00,144.00,144.00,144.00,600.00
30,0.49,1.70,0.89,0.64,0.82,0.33,1.15,0.64,0.95,17,25.0,150.00,150.00,150.00,600.00,500.00,150.00,125.00,25.00,150.00,25.00,150.00,150.00,150.00,125.00,150.00,150.00,25.00
31,0.52,1.70,0.89,0.64,0.82,0.33,1.15,0.64,0.95,17,25.0,150.00,25.00,50.00,50.00,150.00,150.00,150.00,150.00,650.00,100.00,100.00,25.00,525.00,150.00,150.00,475.00,150.00
32,0.55,1.70,0.89,0.64,0.82,0.33,1.15,0.64,0.95,17,25.0,150.00,150.00,150.00,600.00,150.00,150.00,150.00,100.00,150.00,150.00,125.00,625.00,600.00,150.00,150.00,150.00,75.00
33,0.54,1.70,0.89,1.12,0.32,0.33,0.07,0.64,0.32,16,24.0,72.00,144.00,144.00,144.00,576.00,144.00,336.00,144.00,24.00,600.00,144.00,144.00,144.00,216.00,120.00,144.00
34,0.55,1.70,0.89,1.12,0.32,0.33,0.07,0.64,0.32,16,24.0,144.00,120.00,600.00,144.00,144.00,48.00,144.00,192.00,528.00,144.00,120.00,144.00,144.00,72.00,144.00,24.00
35,0.57,1.70,0.89,1.12,0.32,0.33,0.07,0.64,0.32,16,24.0,24.00,456.00,144.00,144.00,144.00,72.00,480.00,120.00,144.00,120.00,48.00,144.00,144.00,144.00,144.00,144.00
36,0.56,1.70,0.89,0.93,5.48,84915.22,0.07,0.93,0.32,15,23.0,138.00,46.00,138.00,483.00,138.00,138.00,69.00,138.00,138.00,138.00,69.00,138.00,138.00,138.00,138.00
37,0.58,1.70,0.89,0.93,5.48,84915.22,0.07,0.93,0.32,15,23.0,138.00,69.00,138.00,138.00,138.00,483.00,138.00,598.00,161.00,138.00,506.00,138.00,23.00,138.00,506.00
38,0.53,1.70,0.89,0.92,0.86,0.89,0.07,0.92,0.32,14,22.0,132.00,22.00,88.00,132.00,550.00,110.00,66.00,88.00,506.00,132.00,88.00,22.00,132.00,110.00
39,0.57,1.70,0.89,0.92,0.86,0.89,0.07,0.92,0.32,14,22.0,110.00,484.00,132.00,132.00,132.00,22.00,132.00,66.00,110.00,132.00,132.00,528.00,22.00,132.00
40,0.60,1.70,0.89,0.92,0.86,0.89,0.07,0.92,0.32,14,22.0,132.00,132.00,132.00,88.00,132.00,132.00,132.00,132.00,110.00,440.00,132.00,550.00,132.00,132.00
41,0.53,1.70,0.89,0.71,0.32,0.16,0.07,0.71,0.32,13,21.0,126.00,126.00,126.00,147.00,21.00,126.00,126.00,126.00,84.00,126.00,42.00,126.00,126.00
42,0.42,1.70,0.89,0.71,0.32,0.16,0.07,0.71,0.32,13,21.0,126.00,126.00,21.00,21.00,147.00,21.00,147.00,21.00,126.00,126.00,126.00,126.00,126.00
43,0.51,1.70,0.89,0.71,0.32,0.16,0.07,0.71,0.32,13,21.0,126.00,84.00,420.00,483.00,21.00,126.00,147.00,21.00,546.00,84.00,42.00,126.00,126.00
44,0.51,1.70,0.89,0.71,0.32,0.16,0.07,0.71,0.32,13,21.0,42.00,84.00,126.00,105.00,126.00,126.00,462.00,525.00,21.00,21.00,126.00,42.00,126.00
45,0.50,1.70,0.89,0.71,0.32,0.16,0.07,0.71,0.32,13,21.0,126.00,567.00,21.00,126.00,126.00,105.00,126.00,126.00,126.00,126.00,105.00,441.00,126.00
46,0.50,1.70,0.89,0.71,0.32,0.16,0.07,0.71,0.32,13,21.0,420.00,126.00,126.00,420.00,126.00,21.00,21.00,21.00,21.00,126.00,21.00,147.00,126.00
47,0.51,1.70,0.89,0.71,0.32,0.16,0.07,0.71,0.32,13,21.0,126.00,63.00,126.00,126.00,504.00,42.00,126.00,126.00,21.00,126.00,126.00,546.00,126.00
48,0.54,1.70,0.89,0.71,0.32,0.16,0.07,0.71,0.32,13,21.0,63.00,126.00,126.00,399.00,462.00,126.00,126.00,126.00,126.00,126.00,126.00,84.00,126.00
49,0.56,1.70,0.89,0.71,0.32,0.16,0.07,0.71,0.32,13,21.0,126.00,105.00,42.00,126.00,252.00,126.00,126.00,126.00,63.00,126.00,420.00,126.00,147.00
50,0.55,1.70,0.89,0.71,0.32,0.16,0.07,0.71,0.32,13,21.0,126.00,21.00,126.00,126.00,42.00,126.00,126.00,63.00,42.00,126.00,399.00,63.00,126.00
51,0.64,1.70,0.89,0.71,0.32,0.16,0.07,0.71,0.32,13,21.0,21.00,126.00,126.00,126.00,504.00,126.00,126.00,63.00,63.00,42.00,126.00,126.00,126.00
52,0.60,16.99,8.94,3.74,10.57,19.55,0.75,3.74,3.15,12,22.0,44.00,132.00,132.00,132.00,132.00,132.00,198.00,506.00,132.00,132.00,110.00,132.00
53,0.62,16.99,8.94,3.74,10.57,19.55,0.75,3.74,3.15,12,22.0,110.00,132.00,550.00,132.00,132.00,132.00,418.00,110.00,88.00,132.00,440.00,110.00
54,0.66,16.99,8.94,3.74,10.57,19.55,0.75,3.74,3.15,12,22.0,110.00,132.00,22.00,132.00,132.00,110.00,132.00,132.00,440.00,22.00,66.00,66.00
55,0.65,16.99,8.94,1.19,1.14,19.55,1.03,3.74,1.14,13,21.0,126.00,126.00,525.00,126.00,105.00,126.00,42.00,147.00,420.00,462.00,126.00,126.00,126.00
56,0.63,16.99,8.94,1.19,1.14,19.55,1.03,3.74,1.14,13,21.0,21.00,126.00,126.00,126.00,504.00,21.00,525.00,21.00,126.00,126.00,525.00,126.00,21.00
57,0.63,16.99,8.94,1.19,1.14,19.55,1.03,3.74,1.14,13,21.0,357.00,126.00,483.00,126.00,126.00,504.00,126.00,84.00,126.00,126.00,126.00,63.00,63.00
58,0.60,16.99,8.94,1.19,1.14,19.55,1.03,3.74,1.14,13,21.0,504.00,126.00,483.00,126.00,126.00,42.00,21.00,105.00,126.00,21.00,42.00,126.00,126.00
59,0.63,16.99,8.94,1.19,1.14,19.55,1.03,3.74,1.14,13,21.0,126.00,126.00,21.00,462.00,84.00,189.00,126.00,483.00,126.00,462.00,525.00,63.00,126.00
60,0.53,16.99,8.94,1.19,1.14,19.55,1.03,3.74,1.14,13,21.0,504.00,546.00,126.00,525.00,525.00,84.00,126.00,84.00,126.00,42.00,504.00,126.00,504.00
61,0.65,16.99,8.94,1.19,1.14,19.55,1.03,3.74,1.14,13,21.0,126.00,105.00,399.00,126.00,126.00,126.00,126.00,504.00,126.00,84.00,126.00,84.00,21.00
62,0.57,16.99,8.94,1.19,1.14,19.55,1.03,3.74,1.14,13,21.0,126.00,294.00,126.00,126.00,336.00,126.00,126.00,126.00,21.00,126.00,462.00,126.00,126.00
63,0.63,16.99,8.94,1.19,1.14,19.55,1.03,3.74,1.14,13,21.0,126.00,63.00,21.00,126.00,483.00,126.00,126.00,126.00,126.00,42.00,126.00,84.00,126.00
64,0.62,16.99,8.94,1.19,1.14,19.55,1.03,3.74,1.14,13,21.0,63.00,84.00,21.00,357.00,21.00,126.00,126.00,126.00,63.00,126.00,126.00,420.00,126.00
65,0.66,16.99,8.94,1.19,1.14,19.55,1.03,3.74,1.14,13,21.0,126.00,126.00,21.00,21.00,420.00,105.00,126.00,126.00,126.00,420.00,126.00,126.00,525.00
66,0.66,16.99,8.94,1.19,1.14,19.55,1.03,3.74,1.14,13,21.0,126.00,399.00,483.00,126.00,126.00,189.00,21.00,105.00,126.00,462.00,84.00,105.00,42.00
67,0.65,16.99,8.94,1.19,1.14,19.55,1.03,3.74,1.14,13,21.0,126.00,126.00,126.00,441.00,126.00,525.00,126.00,126.00,126.00,126.00,336.00,399.00,126.00
68,0.65,16.99,8.94,1.19,1.14,19.55,1.03,3.74,1.14,13,21.0,126.00,126.00,126.00,105.00,126.00,420.00,126.00,84.00,84.00,42.00,105.00,483.00,126.00
69,0.66,16.99,8.94,1.19,1.14,19.55,1.03,3.74,1.14,13,21.0,399.00,21.00,525.00,147.00,126.00,546.00,105.00,42.00,42.00,126.00,21.00,126.00,147.00
70,0.58,16.99,8.94,1.19,1.14,19.55,1.03,3.74,1.14,13,21.0,84.00,504.00,126.00,84.00,126.00,462.00,63.00,126.00,126.00,21.00,126.00,42.00,126.00
71,0.60,16.99,8.94,1.19,1.14,19.55,1.03,3.74,1.14,13,21.0,126.00,462.00,21.00,126.00,525.00,126.00,483.00,63.00,42.00,126.00,21.00,126.00,126.00
72,0.65,16.99,8.94,1.19,1.14,19.55,1.03,3.74,1.14,13,21.0,483.00,126.00,126.00,126.00,126.00,504.00,399.00,105.00,378.00,105.00,42.00,126.00,126.00
73,0.62,16.99,8.94,1.19,1.14,19.55,1.03,3.74,1.14,13,21.0,483.00,42.00,126.00,63.00,126.00,126.00,126.00,126.00,126.00,441.00,126.00,126.00,126.00
74,0.62,16.99,8.94,1.19,1.14,19.55,1.03,3.74,1.14,13,21.0,126.00,105.00,21.00,126.00,420.00,126.00,84.00,504.00,126.00,126.00,126.00,21.00,126.00
75,0.67,16.99,8.94,1.19,1.14,19.55,1.03,3.74,1.14,13,21.0,126.00,126.00,126.00,147.00,546.00,105.00,126.00,126.00,84.00,126.00,399.00,126.00,126.00
76,0.71,16.99,8.94,1.19,1.14,19.55,1.03,3.74,1.14,13,21.0,126.00,126.00,126.00,21.00,357.00,462.00,21.00,126.00,63.00,21.00,462.00,357.00,126.00
77,0.68,1.77,1.34,11.86,11.36,1.77,10.35,1.91,11.36,12,22.0,132.00,132.00,484.00,110.00,132.00,22.00,22.00,132.00,132.00,132.00,550.00,440.00
78,0.67,1.77,1.34,11.86,11.36,1.77,10.35,1.91,11.36,12,22.0,132.00,572.00,132.00,528.00,132.00,132.00,132.00,242.00,506.00,22.00,110.00,132.00
79,0.70,1.77,1.34,11.86,11.36,1.77,10.35,1.91,11.36,12,22.0,154.00,462.00,66.00,66.00,22.00,242.00,132.00,132.00,418.00,110.00,132.00,418.00
80,0.71,1.77,1.34,11.86,11.36,1.77,10.35,1.91,11.36,12,22.0,550.00,132.00,572.00,22.00,550.00,132.00,132.00,132.00,66.00,132.00,132.00,22.00
81,0.70,1.77,1.34,11.86,11.36,1.77,10.35,1.91,11.36,12,22.0,132.00,22.00,132.00,132.00,110.00,132.00,132.00,132.00,440.00,528.00,132.00,132.00
82,0.69,1.77,1.34,11.86,11.36,1.77,10.35,1.91,11.36,12,22.0,132.00,132.00,132.00,44.00,132.00,88.00,132.00,132.00,88.00,462.00,132.00,132.00
83,0.70,1.77,1.34,11.86,11.36,1.77,10.35,1.91,11.36,12,22.0,132.00,132.00,132.00,550.00,132.00,132.00,132.00,110.00,132.00,44.00,132.00,132.00
84,0.71,1.77,1.34,11.86,11.36,1.77,10.35,1.91,11.36,12,22.0,132.00,132.00,22.00,440.00,132.00,110.00,440.00,726.00,132.00,572.00,132.00,22.00
85,0.69,1.77,1.34,11.86,11.36,1.77,10.35,1.91,11.36,12,22.0,110.00,132.00,132.00,154.00,132.00,88.00,132.00,132.00,110.00,132.00,132.00,440.00
86,0.72,1.77,1.34,11.86,11.36,1.77,10.35,1.91,11.36,12,22.0,132.00,132.00,110.00,44.00,132.00,550.00,154.00,132.00,66.00,132.00,418.00,132.00
87,0.70,1.77,1.34,11.86,11.36,1.77,10.35,1.91,11.36,12,22.0,132.00,132.00,132.00,22.00,132.00,66.00,132.00,132.00,132.00,132.00,528.00,132.00
88,0.71,1.77,1.34,11.86,11.36,1.77,10.35,1.91,11.36,12,22.0,44.00,1056.00,132.00,132.00,110.00,110.00,132.00,132.00,132.00,132.00,88.00,374.00
89,0.73,1.77,1.34,11.86,11.36,1.77,10.35,1.91,11.36,12,22.0,440.00,132.00,132.00,132.00,132.00,572.00,528.00,110.00,132.00,132.00,682.00,44.00
90,0.70,17.75,13.45,2.08,1.93,17.75,2.27,19.08,1.93,13,21.0,126.00,420.00,126.00,126.00,126.00,126.00,84.00,21.00,126.00,84.00,126.00,84.00,126.00
91,0.68,17.75,13.45,2.08,1.93,17.75,2.27,19.08,1.93,13,21.0,483.00,126.00,126.00,63.00,126.00,126.00,105.00,126.00,126.00,126.00,126.00,126.00,126.00
92,0.71,17.75,13.45,2.08,1.93,17.75,2.27,19.08,1.93,13,21.0,126.00,126.00,504.00,126.00,126.00,525.00,126.00,504.00,21.00,126.00,462.00,21.00,504.00
93,0.71,17.75,13.45,2.08,1.93,17.75,2.27,19.08,1.93,13,21.0,441.00,126.00,147.00,105.00,63.00,105.00,42.00,126.00,126.00,126.00,126.00,126.00,84.00
94,0.72,17.75,13.45,2.08,1.93,17.75,2.27,19.08,1.93,13,21.0,126.00,126.00,525.00,21.00,126.00,126.00,504.00,84.00,126.00,21.00,126.00,126.00,126.00
95,0.70,17.75,13.45,2.08,1.93,17.75,2.27,19.08,1.93,13,21.0,126.00,126.00,126.00,441.00,126.00,105.00,126.00,63.00,42.00,126.00,42.00,21.00,126.00
96,0.68,17.75,13.45,2.08,1.93,17.75,2.27,19.08,1.93,13,21.0,441.00,126.00,525.00,105.00,126.00,126.00,126.00,126.00,126.00,105.00,126.00,63.00,126.00
97,0.73,17.75,13.45,2.08,1.93,17.75,2.27,19.08,1.93,13,21.0,105.00,84.00,126.00,42.00,126.00,462.00,126.00,462.00,126.00,336.00,294.00,126.00,126.00
98,0.72,17.75,13.45,2.08,1.93,17.75,2.27,19.08,1.93,13,21.0,126.00,126.00,126.00,126.00,147.00,126.00,462.00,126.00,126.00,126.00,420.00,126.00,126.00
99,0.69,17.75,13.45,2.08,1.93,17.75,2.27,19.08,1.93,13,21.0,21.00,105.00,126.00,21.00,147.00,126.00,210.00,693.00,84.00,546.00,357.00,126.00,105.00
100,0.71,17.75,13.45,2.08,1.93,17.75,2.27,19.08,1.93,13,21.0,420.00,42.00,126.00,126.00,126.00,420.00,126.00,63.00,420.00,126.00,126.00,126.00,525.00
101,0.71,17.75,13.45,2.08,1.93,17.75,2.27,19.08,1.93,13,21.0,126.00,126.00,315.00,63.00,84.00,126.00,126.00,126.00,504.00,126.00,126.00,42.00,63.00
102,0.71,17.75,13.45,2.08,1.93,17.75,2.27,19.08,1.93,13,21.0,126.00,63.00,462.00,525.00,126.00,126.00,21.00,21.00,84.00,126.00,126.00,462.00,126.00
103,0.70,17.75,13.45,2.08,1.93,17.75,2.27,19.08,1.93,13,21.0,21.00,420.00,126.00,126.00,525.00,483.00,126.00,126.00,42.00,126.00,483.00,21.00,126.00
104,0.73,17.75,13.45,2.08,1.93,17.75,2.27,19.08,1.93,13,21.0,84.00,126.00,126.00,483.00,21.00,126.00,525.00,525.00,126.00,21.00,126.00,21.00,168.00
105,0.71,17.75,13.45,2.08,1.93,17.75,2.27,19.08,1.93,13,21.0,126.00,126.00,126.00,126.00,147.00,21.00,126.00,126.00,126.00,126.00,126.00,63.00,126.00
106,0.69,17.75,13.45,2.08,1.93,17.75,2.27,19.08,1.93,13,21.0,126.00,126.00,126.00,126.00,126.00,126.00,63.00,126.00,105.00,126.00,126.00,84.00,147.00
107,0.73,17.75,13.45,2.08,1.93,17.75,2.27,19.08,1.93,13,21.0,105.00,42.00,21.00,126.00,42.00,126.00,126.00,126.00,126.00,126.00,504.00,1050.00,126.00
108,0.73,17.75,13.45,2.08,1.93,17.75,2.27,19.08,1.93,13,21.0,126.00,525.00,105.00,42.00,126.00,273.00,126.00,126.00,126.00,126.00,84.00,147.00,42.00
109,0.71,17.75,13.45,2.08,1.93,17.75,2.27,19.08,1.93,13,21.0,126.00,84.00,63.00,84.00,126.00,126.00,126.00,21.00,462.00,126.00,126.00,126.00,546.00
110,0.69,17.75,13.45,2.08,1.93,17.75,2.27,19.08,1.93,13,21.0,126.00,42.00,21.00,84.00,21.00,21.00,126.00,504.00,126.00,126.00,126.00,84.00,126.00
111,0.71,17.75,13.45,2.08,1.93,17.75,2.27,19.08,1.93,13,21.0,126.00,126.00,462.00,105.00,126.00,126.00,126.00,504.00,105.00,126.00,126.00,42.00,126.00
112,0.72,17.75,13.45,2.08,1.93,17.75,2.27,19.08,1.93,13,21.0,126.00,126.00,126.00,84.00,105.00,126.00,21.00,84.00,126.00,126.00,546.00,42.00,126.00
113,0.75,17.75,13.45,2.08,1.93,17.75,2.27,19.08,1.93,13,21.0,126.00,126.00,126.00,399.00,441.00,651.00,21.00,105.00,126.00,126.00,126.00,21.00,126.00
114,0.74,0.31,0.13,2.08,1.93,0.31,2.27,0.23,1.93,12,22.0,132.00,440.00,132.00,528.00,88.00,550.00,132.00,132.00,132.00,66.00,132.00,132.00
115,0.74,0.31,0.13,2.08,1.93,0.31,2.27,0.23,1.93,12,22.0,132.00,132.00,44.00,44.00,132.00,88.00,132.00,66.00,132.00,484.00,110.00,132.00
116,0.75,0.31,0.13,2.08,1.93,0.31,2.27,0.23,1.93,12,22.0,132.00,88.00,132.00,132.00,132.00,528.00,110.00,110.00,132.00,132.00,132.00,528.00
117,0.68,0.31,0.13,2.08,1.93,0.31,2.27,0.23,1.93,12,22.0,132.00,66.00,132.00,132.00,22.00,132.00,132.00,132.00,110.00,132.00,132.00,132.00
118,0.73,0.31,0.13,2.08,1.93,0.31,2.27,0.23,1.93,12,22.0,132.00,88.00,132.00,132.00,132.00,440.00,154.00,88.00,528.00,132.00,506.00,462.00
119,0.72,0.31,0.13,2.08,1.93,0.31,2.27,0.23,1.93,12,22.0,132.00,132.00,66.00,110.00,374.00,44.00,132.00,572.00,22.00,484.00,132.00,132.00
120,0.64,0.31,0.13,2.08,1.93,0.31,2.27,0.23,1.93,12,22.0,132.00,132.00,44.00,132.00,44.00,110.00,88.00,132.00,132.00,66.00,22.00,132.00
121,0.72,0.31,0.13,2.08,1.93,0.31,2.27,0.23,1.93,12,22.0,110.00,132.00,132.00,132.00,154.00,132.00,418.00,44.00,528.00,66.00,132.00,132.00
122,0.75,0.31,0.13,2.08,1.93,0.31,2.27,0.23,1.93,12,22.0,440.00,550.00,462.00,132.00,154.00,550.00,110.00,132.00,132.00,132.00,110.00,154.00
123,0.76,0.31,0.13,2.08,1.93,0.31,2.27,0.23,1.93,12,22.0,440.00,22.00,132.00,132.00,550.00,440.00,154.00,132.00,132.00,528.00,22.00,440.00
124,0.72,0.31,0.13,2.08,1.93,0.31,2.27,0.23,1.93,12,22.0,132.00,132.00,132.00,132.00,132.00,88.00,132.00,88.00,44.00,110.00,22.00,132.00
125,0.67,0.31,0.13,2.08,1.93,0.31,2.27,0.23,1.93,12,22.0,132.00,132.00,132.00,110.00,132.00,132.00,132.00,132.00,154.00,132.00,132.00,132.00
126,0.71,0.31,0.13,2.08,1.93,0.31,2.27,0.23,1.93,12,22.0,88.00,550.00,110.00,110.00,66.00,66.00,22.00,462.00,132.00,572.00,110.00,110.00
127,0.74,0.31,0.13,2.08,1.93,0.31,2.27,0.23,1.93,12,22.0,44.00,66.00,374.00,572.00,440.00,132.00,440.00,132.00,132.00,132.00,132.00,22.00
128,0.74,0.31,0.13,2.08,1.93,0.31,2.27,0.23,1.93,12,22.0,132.00,44.00,132.00,110.00,132.00,132.00,132.00,110.00,132.00,132.00,132.00,132.00
129,0.77,0.31,0.13,2.08,1.93,0.31,2.27,0.23,1.93,12,22.0,132.00,110.00,132.00,132.00,132.00,154.00,550.00,550.00,110.00,528.00,132.00,88.00
130,0.77,0.31,0.13,0.99,114.61,0.31,1.84,0.23,114.61,11,23.0,92.00,138.00,92.00,92.00,552.00,138.00,115.00,92.00,138.00,575.00,138.00
131,0.74,0.31,0.13,0.99,114.61,0.31,1.84,0.23,114.61,11,23.0,138.00,138.00,575.00,460.00,138.00,506.00,138.00,92.00,23.00,138.00,138.00
132,0.75,0.31,0.13,0.99,114.61,0.31,1.84,0.23,114.61,11,23.0,138.00,46.00,138.00,138.00,138.00,23.00,138.00,161.00,138.00,575.00,138.00
133,0.77,0.31,0.13,0.99,114.61,0.31,1.84,0.23,114.61,11,23.0,138.00,575.00,138.00,138.00,368.00,46.00,138.00,138.00,506.00,138.00,138.00
134,0.76,0.31,0.13,0.99,114.61,0.31,1.84,0.23,114.61,11,23.0,161.00,69.00,713.00,138.00,138.00,138.00,138.00,299.00,138.00,138.00,138.00
135,0.74,0.31,0.13,0.99,114.61,0.31,1.84,0.23,114.61,11,23.0,138.00,138.00,23.00,552.00,46.00,529.00,23.00,161.00,46.00,138.00,138.00
136,0.75,0.31,0.13,0.99,114.61,0.31,1.84,0.23,114.61,11,23.0,23.00,23.00,138.00,46.00,598.00,138.00,138.00,506.00,598.00,575.00,138.00
137,0.74,0.31,0.13,0.99,114.61,0.31,1.84,0.23,114.61,11,23.0,92.00,46.00,138.00,138.00,23.00,506.00,138.00,138.00,414.00,138.00,23.00
138,0.74,0.31,0.13,0.99,114.61,0.31,1.84,0.23,114.61,11,23.0,138.00,552.00,23.00,138.00,23.00,92.00,506.00,138.00,552.00,506.00,138.00
139,0.76,0.31,0.13,0.99,114.61,0.31,1.84,0.23,114.61,11,23.0,69.00,138.00,161.00,46.00,138.00,46.00,69.00,322.00,23.00,92.00,552.00
140,0.75,0.31,0.13,0.99,114.61,0.31,1.84,0.23,114.61,11,23.0,92.00,138.00,138.00,115.00,23.00,92.00,138.00,69.00,23.00,92.00,138.00
141,0.74,0.31,0.13,0.99,114.61,0.31,1.84,0.23,114.61,11,23.0,138.00,138.00,138.00,92.00,138.00,138.00,138.00,138.00,138.00,23.00,138.00
142,0.76,0.31,0.13,0.99,114.61,0.31,1.84,0.23,114.61,11,23.0,23.00,138.00,138.00,115.00,46.00,138.00,138.00,138.00,460.00,115.00,138.00
143,0.78,0.31,0.13,0.99,114.61,0.31,1.84,0.23,114.61,11,23.0,138.00,115.00,575.00,138.00,23.00,138.00,138.00,46.00,138.00,23.00,138.00
144,0.76,0.31,0.13,0.99,114.61,0.31,1.84,0.23,114.61,11,23.0,138.00,138.00,575.00,138.00,23.00,138.00,138.00,23.00,138.00,483.00,69.00
145,0.75,0.31,0.13,0.99,114.61,0.31,1.84,0.23,114.61,11,23.0,23.00,138.00,23.00,506.00,138.00,138.00,138.00,138.00,575.00,23.00,138.00
146,0.76,0.31,0.13,0.99,114.61,0.31,1.84,0.23,114.61,11,23.0,138.00,92.00,138.00,138.00,46.00,138.00,460.00,138.00,575.00,138.00,46.00
147,0.76,0.31,0.13,0.99,114.61,0.31,1.84,0.23,114.61,11,23.0,138.00,138.00,483.00,138.00,138.00,138.00,92.00,138.00,552.00,115.00,138.00
148,0.76,0.31,0.13,0.99,114.61,0.31,1.84,0.23,114.61,11,23.0,23.00,115.00,138.00,138.00,115.00,138.00,92.00,138.00,138.00,138.00,138.00
149,0.74,0.31,0.13,0.99,114.61,0.31,1.84,0.23,114.61,11,23.0,138.00,138.00,138.00,23.00,138.00,92.00,138.00,138.00,23.00,138.00,161.00
150,0.75,0.31,0.13,0.99,114.61,0.31,1.84,0.23,114.61,11,23.0,69.00,138.00,138.00,138.00,506.00,138.00,92.00,598.00,138.00,368.00,115.00
151,0.77,0.31,0.13,0.99,114.61,0.31,1.84,0.23,114.61,11,23.0,138.00,138.00,138.00,506.00,23.00,138.00,506.00,138.00,552.00,138.00,460.00
152,0.76,0.31,0.13,0.99,114.61,0.31,1.84,0.23,114.61,11,23.0,46.00,115.00,23.00,598.00,322.00,23.00,138.00,552.00,23.00,115.00,138.00
153,0.70,0.31,0.13,0.99,114.61,0.31,1.84,0.23,114.61,11,23.0,138.00,69.00,138.00,46.00,138.00,138.00,161.00,138.00,23.00,138.00,23.00
154,0.74,0.31,0.13,0.99,114.61,0.31,1.84,0.23,114.61,11,23.0,138.00,138.00,138.00,138.00,552.00,552.00,138.00,23.00,529.00,115.00,138.00
155,0.74,0.31,0.13,0.99,114.61,0.31,1.84,0.23,114.61,11,23.0,138.00,23.00,23.00,115.00,138.00,138.00,138.00,138.00,138.00,138.00,92.00
156,0.76,0.31,0.13,0.99,114.61,0.31,1.84,0.23,114.61,11,23.0,552.00,138.00,138.00,23.00,460.00,46.00,46.00,138.00,138.00,575.00,23.00
157,0.72,0.31,0.13,0.99,114.61,0.31,1.84,0.23,114.61,11,23.0,23.00,69.00,138.00,138.00,115.00,138.00,138.00,69.00,460.00,138.00,46.00
158,0.71,0.31,0.13,0.99,114.61,0.31,1.84,0.23,114.61,11,23.0,23.00,138.00,138.00,138.00,552.00,138.00,138.00,598.00,138.00,138.00,138.00
159,0.75,0.31,0.13,0.99,114.61,0.31,1.84,0.23,114.61,11,23.0,161.00,460.00,138.00,92.00,138.00,138.00,115.00,138.00,115.00,368.00,138.00
160,0.77,0.31,0.13,0.99,114.61,0.31,1.84,0.23,114.61,11,23.0,23.00,23.00,138.00,115.00,46.00,138.00,138.00,161.00,138.00,138.00,115.00
161,0.75,0.31,0.13,0.99,114.61,0.31,1.84,0.23,114.61,11,23.0,69.00,23.00,575.00,138.00,115.00,23.00,23.00,23.00,23.00,138.00,23.00
162,0.70,0.31,0.13,0.99,114.61,0.31,1.84,0.23,114.61,11,23.0,138.00,138.00,138.00,138.00,138.00,46.00,138.00,138.00,115.00,138.00,184.00
163,0.74,0.31,0.13,0.99,114.61,0.31,1.84,0.23,114.61,11,23.0,138.00,23.00,138.00,138.00,115.00,506.00,138.00,115.00,138.00,115.00,138.00
164,0.78,0.31,0.13,0.99,114.61,0.31,1.84,0.23,114.61,11,23.0,138.00,598.00,161.00,138.00,138.00,138.00,138.00,506.00,460.00,138.00,23.00
165,0.75,0.31,0.13,0.99,114.61,0.31,1.84,0.23,114.61,11,23.0,138.00,483.00,138.00,138.00,138.00,46.00,138.00,138.00,23.00,138.00,138.00
166,0.75,0.31,0.13,0.99,114.61,0.31,1.84,0.23,114.61,11,23.0,138.00,138.00,23.00,138.00,138.00,575.00,92.00,138.00,552.00,138.00,23.00
167,0.77,0.31,0.13,0.99,114.61,0.31,1.84,0.23,114.61,11,23.0,138.00,138.00,138.00,138.00,460.00,92.00,460.00,138.00,598.00,506.00,138.00
168,0.76,0.31,0.13,0.99,114.61,0.31,1.84,0.23,114.61,11,23.0,138.00,552.00,138.00,138.00,138.00,138.00,138.00,138.00,161.00,138.00,23.00
169,0.76,0.31,0.13,0.99,114.61,0.31,1.84,0.23,114.61,11,23.0,414.00,506.00,92.00,138.00,138.00,138.00,46.00,138.00,23.00,115.00,23.00
170,0.76,0.31,0.13,0.99,114.61,0.31,1.84,0.23,114.61,11,23.0,138.00,598.00,575.00,138.00,92.00,575.00,23.00,575.00,138.00,138.00,23.00
171,0.77,0.31,0.13,0.99,114.61,0.31,1.84,0.23,114.61,11,23.0,69.00,23.00,115.00,23.00,138.00,368.00,138.00,138.00,138.00,138.00,138.00
172,0.75,0.31,0.13,0.99,114.61,0.31,1.84,0.23,114.61,11,23.0,138.00,23.00,138.00,138.00,138.00,46.00,138.00,138.00,138.00,92.00,138.00
173,0.77,0.31,0.13,0.99,114.61,0.31,1.84,0.23,114.61,11,23.0,391.00,138.00,138.00,138.00,460.00,138.00,552.00,23.00,138.00,575.00,138.00
174,0.79,0.31,0.13,0.99,114.61,0.31,1.84,0.23,114.61,11,23.0,115.00,138.00,506.00,138.00,138.00,460.00,23.00,483.00,138.00,23.00,529.00
175,0.78,3.09,1.28,6.81,4.69,3.09,8.31,2.31,4.69,10,24.0,384.00,144.00,144.00,48.00,96.00,144.00,480.00,480.00,168.00,168.00
176,0.78,3.09,1.28,6.81,4.69,3.09,8.31,2.31,4.69,10,24.0,144.00,144.00,600.00,144.00,600.00,528.00,120.00,144.00,144.00,144.00
177,0.77,3.09,1.28,6.81,4.69,3.09,8.31,2.31,4.69,10,24.0,264.00,24.00,144.00,144.00,120.00,600.00,144.00,144.00,144.00,24.00
178,0.79,3.09,1.28,6.81,4.69,3.09,8.31,2.31,4.69,10,24.0,552.00,72.00,72.00,144.00,552.00,552.00,600.00,504.00,144.00,144.00
179,0.79,3.09,1.28,6.81,4.69,3.09,8.31,2.31,4.69,10,24.0,24.00,144.00,144.00,72.00,144.00,120.00,48.00,600.00,144.00,144.00
180,0.79,3.09,1.28,6.81,4.69,3.09,8.31,2.31,4.69,10,24.0,48.00,624.00,144.00,144.00,144.00,24.00,48.00,144.00,480.00,144.00
181,0.80,3.09,1.28,6.81,4.69,3.09,8.31,2.31,4.69,10,24.0,144.00,144.00,24.00,120.00,552.00,576.00,48.00,120.00,144.00,144.00
182,0.79,3.09,1.28,6.81,4.69,3.09,8.31,2.31,4.69,10,24.0,144.00,144.00,144.00,48.00,144.00,384.00,48.00,96.00,504.00,120.00
183,0.80,3.09,1.28,6.81,4.69,3.09,8.31,2.31,4.69,10,24.0,624.00,144.00,144.00,528.00,312.00,144.00,528.00,144.00,72.00,144.00
184,0.81,3.09,1.28,1.09,1.22,3.09,1.10,2.31,1.22,9,25.0,625.00,150.00,150.00,125.00,50.00,500.00,50.00,25.00,625.00
185,0.80,3.09,1.28,1.09,1.22,3.09,1.10,2.31,1.22,9,25.0,50.00,150.00,150.00,150.00,25.00,150.00,150.00,150.00,50.00
186,0.80,3.09,1.28,1.09,1.22,3.09,1.10,2.31,1.22,9,25.0,150.00,475.00,150.00,150.00,150.00,150.00,150.00,125.00,150.00
187,0.80,3.09,1.28,1.09,1.22,3.09,1.10,2.31,1.22,9,25.0,150.00,150.00,150.00,150.00,50.00,150.00,100.00,550.00,125.00
188,0.79,3.09,1.28,1.09,1.22,3.09,1.10,2.31,1.22,9,25.0,150.00,650.00,150.00,150.00,50.00,150.00,800.00,75.00,150.00
189,0.79,3.09,1.28,1.09,1.22,3.09,1.10,2.31,1.22,9,25.0,550.00,75.00,100.00,475.00,75.00,650.00,175.00,150.00,150.00
190,0.78,3.09,1.28,1.09,1.22,3.09,1.10,2.31,1.22,9,25.0,50.00,150.00,150.00,25.00,125.00,425.00,150.00,25.00,625.00
191,0.77,3.09,1.28,1.09,1.22,3.09,1.10,2.31,1.22,9,25.0,50.00,150.00,100.00,125.00,150.00,100.00,175.00,100.00,450.00
192,0.77,3.09,1.28,1.09,1.22,3.09,1.10,2.31,1.22,9,25.0,150.00,150.00,150.00,150.00,50.00,25.00,150.00,150.00,600.00
193,0.78,3.09,1.28,1.09,1.22,3.09,1.10,2.31,1.22,9,25.0,150.00,150.00,150.00,150.00,50.00,150.00,25.00,675.00,150.00
194,0.77,3.09,1.28,1.09,1.22,3.09,1.10,2.31,1.22,9,25.0,150.00,150.00,150.00,900.00,150.00,150.00,125.00,150.00,50.00
195,0.75,3.09,1.28,1.09,1.22,3.09,1.10,2.31,1.22,9,25.0,150.00,150.00,500.00,150.00,150.00,125.00,150.00,150.00,50.00
196,0.73,3.09,1.28,1.09,1.22,3.09,1.10,2.31,1.22,9,25.0,125.00,150.00,150.00,75.00,150.00,150.00,150.00,150.00,150.00
197,0.73,3.09,1.28,1.09,1.22,3.09,1.10,2.31,1.22,9,25.0,50.00,150.00,150.00,150.00,150.00,150.00,150.00,150.00,150.00
198,0.77,3.09,1.28,1.09,1.22,3.09,1.10,2.31,1.22,9,25.0,150.00,450.00,150.00,100.00,150.00,125.00,575.00,150.00,150.00
199,0.76,3.09,1.28,1.09,1.22,3.09,1.10,2.31,1.22,9,25.0,150.00,150.00,150.00,150.00,150.00,125.00,150.00,500.00,150.00
200,0.75,3.09,1.28,1.09,1.22,3.09,1.10,2.31,1.22,9,25.0,150.00,150.00,150.00,150.00,50.00,50.00,50.00,125.00,625.00
201,0.74,3.09,1.28,1.09,1.22,3.09,1.10,2.31,1.22,9,25.0,125.00,625.00,150.00,100.00,150.00,150.00,150.00,150.00,150.00
202,0.76,3.09,1.28,1.09,1.22,3.09,1.10,2.31,1.22,9,25.0,150.00,500.00,600.00,200.00,50.00,25.00,200.00,150.00,100.00
203,0.75,3.09,1.28,1.09,1.22,3.09,1.10,2.31,1.22,9,25.0,50.00,300.00,150.00,150.00,150.00,75.00,150.00,150.00,125.00
204,0.78,3.09,1.28,1.09,1.22,3.09,1.10,2.31,1.22,9,25.0,150.00,150.00,150.00,775.00,150.00,150.00,150.00,150.00,675.00
205,0.79,3.09,1.28,1.09,1.22,3.09,1.10,2.31,1.22,9,25.0,150.00,150.00,150.00,25.00,50.00,425.00,150.00,500.00,125.00
206,0.77,3.09,1.28,1.09,1.22,3.09,1.10,2.31,1.22,9,25.0,150.00,25.00,150.00,150.00,200.00,150.00,75.00,150.00,150.00
207,0.76,3.09,1.28,1.09,1.22,3.09,1.10,2.31,1.22,9,25.0,150.00,150.00,150.00,150.00,150.00,500.00,650.00,150.00,150.00
208,0.76,3.09,1.28,1.09,1.22,3.09,1.10,2.31,1.22,9,25.0,150.00,150.00,125.00,475.00,150.00,75.00,150.00,25.00,150.00
209,0.76,3.09,1.28,1.09,1.22,3.09,1.10,2.31,1.22,9,25.0,100.00,150.00,150.00,150.00,150.00,575.00,550.00,75.00,500.00
210,0.75,3.09,1.28,1.09,1.22,3.09,1.10,2.31,1.22,9,25.0,150.00,150.00,150.00,50.00,450.00,75.00,25.00,150.00,150.00
211,0.71,3.09,1.28,1.09,1.22,3.09,1.10,2.31,1.22,9,25.0,150.00,150.00,150.00,150.00,150.00,150.00,50.00,25.00,150.00
212,0.75,3.09,1.28,1.09,1.22,3.09,1.10,2.31,1.22,9,25.0,125.00,575.00,225.00,125.00,150.00,150.00,150.00,150.00,150.00
213,0.76,3.09,1.28,1.09,1.22,3.09,1.10,2.31,1.22,9,25.0,150.00,150.00,100.00,150.00,150.00,125.00,25.00,125.00,150.00
214,0.75,3.09,1.28,1.09,1.22,3.09,1.10,2.31,1.22,9,25.0,25.00,175.00,150.00,150.00,150.00,150.00,150.00,600.00,625.00
215,0.72,3.09,1.28,1.09,1.22,3.09,1.10,2.31,1.22,9,25.0,50.00,150.00,150.00,150.00,150.00,25.00,150.00,150.00,25.00
216,0.75,3.09,1.28,1.09,1.22,3.09,1.10,2.31,1.22,9,25.0,150.00,75.00,625.00,150.00,100.00,150.00,25.00,575.00,500.00
217,0.75,3.09,1.28,1.09,1.22,3.09,1.10,2.31,1.22,9,25.0,150.00,150.00,175.00,550.00,150.00,125.00,150.00,150.00,125.00
218,0.74,3.09,1.28,1.09,1.22,3.09,1.10,2.31,1.22,9,25.0,150.00,150.00,150.00,600.00,150.00,50.00,25.00,150.00,150.00
219,0.75,3.09,1.28,1.09,1.22,3.09,1.10,2.31,1.22,9,25.0,150.00,475.00,150.00,150.00,625.00,150.00,150.00,150.00,150.00
220,0.76,3.09,1.28,1.09,1.22,3.09,1.10,2.31,1.22,9,25.0,150.00,150.00,150.00,600.00,25.00,150.00,175.00,150.00,150.00
221,0.75,3.09,1.28,1.09,1.22,3.09,1.10,2.31,1.22,9,25.0,350.00,525.00,125.00,150.00,600.00,25.00,25.00,150.00,100.00
222,0.74,3.09,1.28,1.09,1.22,3.09,1.10,2.31,1.22,9,25.0,25.00,150.00,450.00,150.00,25.00,350.00,150.00,150.00,625.00
223,0.73,3.09,1.28,1.09,1.22,3.09,1.10,2.31,1.22,9,25.0,75.00,150.00,150.00,175.00,75.00,25.00,150.00,150.00,150.00
224,0.76,3.09,1.28,1.09,1.22,3.09,1.10,2.31,1.22,9,25.0,600.00,150.00,50.00,150.00,175.00,150.00,150.00,475.00,25.00
225,0.78,3.09,1.28,1.09,1.22,3.09,1.10,2.31,1.22,9,25.0,150.00,150.00,150.00,150.00,150.00,25.00,150.00,350.00,625.00
226,0.79,3.09,1.28,1.09,1.22,3.09,1.10,2.31,1.22,9,25.0,25.00,250.00,175.00,825.00,25.00,625.00,150.00,625.00,100.00
227,0.77,3.09,1.28,1.09,1.22,3.09,1.10,2.31,1.22,9,25.0,550.00,150.00,100.00,150.00,100.00,100.00,75.00,150.00,625.00
228,0.77,3.09,1.28,1.09,1.22,3.09,1.10,2.31,1.22,9,25.0,150.00,475.00,500.00,150.00,150.00,150.00,125.00,50.00,650.00
229,0.78,3.09,1.28,1.09,1.22,3.09,1.10,2.31,1.22,9,25.0,25.00,25.00,150.00,150.00,150.00,25.00,150.00,150.00,450.00
230,0.77,3.09,1.28,1.09,1.22,3.09,1.10,2.31,1.22,9,25.0,150.00,150.00,150.00,150.00,150.00,25.00,150.00,125.00,175.00
231,0.78,3.09,1.28,1.09,1.22,3.09,1.10,2.31,1.22,9,25.0,425.00,150.00,150.00,150.00,150.00,100.00,150.00,75.00,125.00
232,0.76,3.09,1.28,1.09,1.22,3.09,1.10,2.31,1.22,9,25.0,150.00,150.00,150.00,50.00,150.00,25.00,50.00,150.00,150.00
233,0.78,3.09,1.28,1.09,1.22,3.09,1.10,2.31,1.22,9,25.0,575.00,150.00,600.00,150.00,150.00,25.00,625.00,175.00,25.00
234,0.79,3.09,1.28,1.09,1.22,3.09,1.10,2.31,1.22,9,25.0,150.00,150.00,150.00,50.00,125.00,150.00,150.00,600.00,150.00
235,0.79,3.09,1.28,1.09,1.22,3.09,1.10,2.31,1.22,9,25.0,150.00,150.00,25.00,150.00,75.00,150.00,450.00,150.00,150.00
236,0.78,3.09,1.28,1.09,1.22,3.09,1.10,2.31,1.22,9,25.0,150.00,25.00,475.00,150.00,150.00,550.00,150.00,150.00,550.00
237,0.77,3.09,1.28,1.09,1.22,3.09,1.10,2.31,1.22,9,25.0,150.00,125.00,150.00,100.00,150.00,125.00,150.00,50.00,150.00
238,0.79,3.09,1.28,1.09,1.22,3.09,1.10,2.31,1.22,9,25.0,450.00,100.00,650.00,150.00,150.00,150.00,500.00,150.00,25.00
239,0.79,3.09,1.28,1.09,1.22,3.09,1.10,2.31,1.22,9,25.0,50.00,150.00,150.00,150.00,150.00,850.00,475.00,50.00,150.00
240,0.79,3.09,1.28,1.09,1.22,3.09,1.10,2.31,1.22,9,25.0,50.00,150.00,150.00,150.00,475.00,150.00,150.00,25.00,150.00
241,0.80,3.09,1.28,1.09,1.22,3.09,1.10,2.31,1.22,9,25.0,100.00,600.00,100.00,175.00,125.00,50.00,150.00,150.00,150.00
242,0.80,3.09,1.28,1.09,1.22,3.09,1.10,2.31,1.22,9,25.0,500.00,150.00,50.00,150.00,550.00,150.00,25.00,150.00,625.00
243,0.80,3.09,1.28,1.09,1.22,3.09,1.10,2.31,1.22,9,25.0,575.00,50.00,150.00,150.00,75.00,75.00,150.00,475.00,150.00
244,0.80,3.09,1.28,1.09,1.22,3.09,1.10,2.31,1.22,9,25.0,125.00,150.00,150.00,400.00,150.00,550.00,150.00,150.00,150.00
245,0.80,3.09,1.28,1.09,1.22,3.09,1.10,2.31,1.22,9,25.0,100.00,150.00,150.00,150.00,575.00,425.00,150.00,150.00,125.00
246,0.80,3.09,1.28,1.09,1.22,3.09,1.10,2.31,1.22,9,25.0,150.00,150.00,125.00,75.00,600.00,25.00,150.00,150.00,475.00
247,0.80,3.09,1.28,1.09,1.22,3.09,1.10,2.31,1.22,9,25.0,150.00,600.00,125.00,100.00,125.00,150.00,150.00,150.00,100.00
248,0.78,3.09,1.28,1.09,1.22,3.09,1.10,2.31,1.22,9,25.0,150.00,150.00,150.00,150.00,150.00,75.00,150.00,75.00,150.00
249,0.79,3.09,1.28,1.09,1.22,3.09,1.10,2.31,1.22,9,25.0,600.00,150.00,625.00,150.00,175.00,150.00,25.00,625.00,100.00
250,0.80,3.09,1.28,1.09,1.22,3.09,1.10,2.31,1.22,9,25.0,150.00,600.00,25.00,600.00,150.00,50.00,150.00,600.00,100.00
251,0.80,3.09,1.28,1.09,1.22,3.09,1.10,2.31,1.22,9,25.0,125.00,150.00,275.00,50.00,50.00,550.00,150.00,25.00,150.00
252,0.79,3.09,1.28,1.09,1.22,3.09,1.10,2.31,1.22,9,25.0,150.00,100.00,150.00,75.00,150.00,75.00,150.00,150.00,150.00
253,0.76,3.09,1.28,1.09,1.22,3.09,1.10,2.31,1.22,9,25.0,100.00,150.00,125.00,600.00,150.00,150.00,150.00,75.00,150.00
254,0.79,3.09,1.28,1.09,1.22,3.09,1.10,2.31,1.22,9,25.0,600.00,100.00,25.00,150.00,150.00,150.00,150.00,150.00,50.00
255,0.81,3.09,1.28,1.09,1.22,3.09,1.10,2.31,1.22,9,25.0,150.00,150.00,150.00,150.00,150.00,25.00,150.00,425.00,150.00
256,0.79,3.09,1.28,1.09,1.22,3.09,1.10,2.31,1.22,9,25.0,150.00,75.00,625.00,100.00,150.00,75.00,150.00,150.00,150.00
257,0.80,3.09,1.28,1.09,1.22,3.09,1.10,2.31,1.22,9,25.0,150.00,25.00,625.00,600.00,575.00,25.00,150.00,125.00,150.00
258,0.79,3.09,1.28,1.09,1.22,3.09,1.10,2.31,1.22,9,25.0,150.00,175.00,125.00,100.00,150.00,150.00,150.00,25.00,150.00
259,0.76,3.09,1.28,1.09,1.22,3.09,1.10,2.31,1.22,9,25.0,600.00,150.00,175.00,125.00,150.00,150.00,25.00,600.00,150.00
260,0.81,3.09,1.28,1.09,1.22,3.09,1.10,2.31,1.22,9,25.0,150.00,525.00,150.00,150.00,525.00,575.00,650.00,600.00,575.00
261,0.81,3.09,1.28,1.09,1.22,3.09,1.10,2.31,1.22,9,25.0,150.00,750.00,150.00,75.00,150.00,150.00,150.00,575.00,150.00
262,0.78,3.09,1.28,1.09,1.22,3.09,1.10,2.31,1.22,9,25.0,150.00,425.00,150.00,150.00,25.00,150.00,350.00,50.00,25.00
263,0.76,3.09,1.28,1.09,1.22,3.09,1.10,2.31,1.22,9,25.0,150.00,150.00,150.00,150.00,175.00,150.00,150.00,150.00,150.00
264,0.77,3.09,1.28,1.09,1.22,3.09,1.10,2.31,1.22,9,25.0,150.00,525.00,150.00,150.00,75.00,150.00,150.00,150.00,150.00
265,0.80,3.09,1.28,1.09,1.22,3.09,1.10,2.31,1.22,9,25.0,150.00,150.00,50.00,150.00,150.00,75.00,625.00,150.00,150.00
266,0.80,3.09,1.28,1.09,1.22,3.09,1.10,2.31,1.22,9,25.0,150.00,150.00,50.00,150.00,175.00,125.00,125.00,250.00,100.00
267,0.79,3.09,1.28,1.09,1.22,3.09,1.10,2.31,1.22,9,25.0,500.00,50.00,150.00,150.00,25.00,75.00,75.00,150.00,150.00
268,0.78,3.09,1.28,1.09,1.22,3.09,1.10,2.31,1.22,9,25.0,150.00,150.00,150.00,150.00,150.00,150.00,600.00,150.00,150.00
269,0.79,3.09,1.28,1.09,1.22,3.09,1.10,2.31,1.22,9,25.0,25.00,125.00,150.00,25.00,600.00,150.00,150.00,125.00,25.00
270,0.79,3.09,1.28,1.09,1.22,3.09,1.10,2.31,1.22,9,25.0,150.00,150.00,150.00,150.00,550.00,25.00,125.00,150.00,150.00
271,0.77,3.09,1.28,1.09,1.22,3.09,1.10,2.31,1.22,9,25.0,25.00,150.00,150.00,150.00,150.00,150.00,150.00,25.00,150.00
272,0.80,3.09,1.28,1.09,1.22,3.09,1.10,2.31,1.22,9,25.0,525.00,150.00,625.00,500.00,150.00,150.00,175.00,75.00,150.00
273,0.80,3.09,1.28,1.09,1.22,3.09,1.10,2.31,1.22,9,25.0,150.00,650.00,150.00,150.00,500.00,150.00,150.00,150.00,150.00
274,0.78,3.09,1.28,1.09,1.22,3.09,1.10,2.31,1.22,9,25.0,25.00,125.00,150.00,150.00,150.00,150.00,150.00,150.00,150.00
275,0.78,3.09,1.28,1.09,1.22,3.09,1.10,2.31,1.22,9,25.0,150.00,150.00,625.00,150.00,25.00,150.00,50.00,50.00,150.00
276,0.79,3.09,1.28,1.09,1.22,3.09,1.10,2.31,1.22,9,25.0,150.00,150.00,25.00,450.00,25.00,100.00,475.00,550.00,150.00
277,0.79,3.09,1.28,1.09,1.22,3.09,1.10,2.31,1.22,9,25.0,150.00,100.00,150.00,125.00,25.00,150.00,150.00,25.00,600.00
278,0.76,3.09,1.28,1.09,1.22,3.09,1.10,2.31,1.22,9,25.0,150.00,575.00,125.00,125.00,625.00,125.00,150.00,150.00,150.00
279,0.78,3.09,1.28,1.09,1.22,3.09,1.10,2.31,1.22,9,25.0,625.00,500.00,125.00,150.00,150.00,150.00,150.00,150.00,150.00
280,0.80,3.09,1.28,1.09,1.22,3.09,1.10,2.31,1.22,9,25.0,150.00,150.00,25.00,175.00,50.00,150.00,125.00,125.00,550.00
281,0.81,3.09,1.28,1.09,1.22,3.09,1.10,2.31,1.22,9,25.0,625.00,150.00,650.00,150.00,850.00,150.00,150.00,150.00,150.00
282,0.80,3.09,1.28,1.09,1.22,3.09,1.10,2.31,1.22,9,25.0,150.00,150.00,25.00,150.00,150.00,600.00,25.00,25.00,50.00
283,0.80,3.09,1.28,1.09,1.22,3.09,1.10,2.31,1.22,9,25.0,100.00,500.00,625.00,100.00,150.00,50.00,50.00,150.00,150.00
284,0.80,3.09,1.28,1.09,1.22,3.09,1.10,2.31,1.22,9,25.0,150.00,75.00,550.00,125.00,100.00,150.00,150.00,150.00,650.00
285,0.79,3.09,1.28,1.09,1.22,3.09,1.10,2.31,1.22,9,25.0,150.00,600.00,75.00,75.00,150.00,150.00,150.00,100.00,600.00
286,0.78,3.09,1.28,1.09,1.22,3.09,1.10,2.31,1.22,9,25.0,125.00,150.00,550.00,150.00,25.00,150.00,150.00,600.00,150.00
287,0.77,3.09,1.28,1.09,1.22,3.09,1.10,2.31,1.22,9,25.0,150.00,150.00,125.00,525.00,50.00,150.00,25.00,175.00,625.00
288,0.77,3.09,1.28,1.09,1.22,3.09,1.10,2.31,1.22,9,25.0,100.00,150.00,150.00,150.00,100.00,150.00,600.00,75.00,75.00
289,0.77,3.09,1.28,1.09,1.22,3.09,1.10,2.31,1.22,9,25.0,150.00,150.00,125.00,150.00,150.00,125.00,600.00,125.00,150.00
290,0.79,3.09,1.28,1.09,1.22,3.09,1.10,2.31,1.22,9,25.0,150.00,150.00,100.00,150.00,150.00,500.00,150.00,150.00,25.00
291,0.79,3.09,1.28,1.09,1.22,3.09,1.10,2.31,1.22,9,25.0,50.00,150.00,150.00,150.00,150.00,150.00,150.00,625.00,25.00
292,0.79,3.09,1.28,1.09,1.22,3.09,1.10,2.31,1.22,9,25.0,100.00,150.00,125.00,100.00,450.00,150.00,150.00,25.00,150.00
293,0.78,3.09,1.28,1.09,1.22,3.09,1.10,2.31,1.22,9,25.0,150.00,150.00,150.00,150.00,25.00,25.00,150.00,25.00,800.00
294,0.73,3.09,1.28,1.09,1.22,3.09,1.10,2.31,1.22,9,25.0,25.00,150.00,150.00,125.00,150.00,150.00,150.00,525.00,175.00
295,0.74,3.09,1.28,1.09,1.22,3.09,1.10,2.31,1.22,9,25.0,100.00,625.00,150.00,150.00,150.00,50.00,150.00,775.00,150.00
296,0.77,3.09,1.28,1.09,1.22,3.09,1.10,2.31,1.22,9,25.0,150.00,150.00,150.00,150.00,150.00,75.00,25.00,150.00,625.00
297,0.78,3.09,1.28,1.09,1.22,3.09,1.10,2.31,1.22,9,25.0,150.00,150.00,150.00,350.00,150.00,75.00,25.00,150.00,150.00
298,0.77,3.09,1.28,1.09,1.22,3.09,1.10,2.31,1.22,9,25.0,125.00,150.00,150.00,150.00,150.00,625.00,125.00,150.00,150.00
299,0.77,3.09,1.28,1.09,1.22,3.09,1.10,2.31,1.22,9,25.0,50.00,725.00,550.00,150.00,150.00,150.00,50.00,600.00,150.00
300,0.74,3.09,1.28,1.09,1.22,3.09,1.10,2.31,1.22,9,25.0,150.00,150.00,150.00,75.00,150.00,75.00,150.00,125.00,150.00
301,0.75,3.09,1.28,1.09,1.22,3.09,1.10,2.31,1.22,9,25.0,75.00,150.00,150.00,625.00,150.00,150.00,300.00,150.00,425.00
302,0.75,3.09,1.28,1.09,1.22,3.09,1.10,2.31,1.22,9,25.0,100.00,25.00,150.00,150.00,100.00,150.00,150.00,150.00,150.00
303,0.76,3.09,1.28,1.09,1.22,3.09,1.10,2.31,1.22,9,25.0,150.00,150.00,150.00,550.00,575.00,150.00,175.00,125.00,150.00
304,0.79,3.09,1.28,1.09,1.22,3.09,1.10,2.31,1.22,9,25.0,150.00,150.00,150.00,150.00,525.00,625.00,150.00,150.00,150.00
305,0.81,3.09,1.28,1.09,1.22,3.09,1.10,2.31,1.22,9,25.0,475.00,150.00,75.00,150.00,50.00,150.00,150.00,75.00,100.00
306,0.79,3.09,1.28,1.09,1.22,3.09,1.10,2.31,1.22,9,25.0,1250.00,25.00,150.00,25.00,150.00,25.00,150.00,150.00,150.00
307,0.75,3.09,1.28,1.09,1.22,3.09,1.10,2.31,1.22,9,25.0,150.00,150.00,150.00,150.00,150.00,150.00,175.00,150.00,150.00
308,0.80,3.09,1.28,1.09,1.22,3.09,1.10,2.31,1.22,9,25.0,150.00,100.00,600.00,25.00,25.00,150.00,25.00,25.00,150.00
309,0.78,3.09,1.28,1.09,1.22,3.09,1.10,2.31,1.22,9,25.0,25.00,25.00,150.00,50.00,625.00,150.00,150.00,150.00,625.00
310,0.77,3.09,1.28,1.09,1.22,3.09,1.10,2.31,1.22,9,25.0,625.00,25.00,650.00,625.00,150.00,150.00,475.00,150.00,150.00
311,0.79,3.09,1.28,1.09,1.22,3.09,1.10,2.31,1.22,9,25.0,75.00,150.00,175.00,150.00,900.00,150.00,150.00,150.00,500.00
312,0.80,3.09,1.28,1.09,1.22,3.09,1.10,2.31,1.22,9,25.0,50.00,50.00,550.00,150.00,150.00,450.00,150.00,150.00,150.00
313,0.80,3.09,1.28,1.09,1.22,3.09,1.10,2.31,1.22,9,25.0,150.00,125.00,150.00,150.00,150.00,100.00,175.00,150.00,450.00
314,0.79,3.09,1.28,1.09,1.22,3.09,1.10,2.31,1.22,9,25.0,75.00,150.00,150.00,550.00,150.00,150.00,150.00,125.00,150.00
315,0.79,3.09,1.28,1.09,1.22,3.09,1.10,2.31,1.22,9,25.0,150.00,150.00,25.00,150.00,150.00,75.00,425.00,125.00,525.00
316,0.80,3.09,1.28,1.09,1.22,3.09,1.10,2.31,1.22,9,25.0,150.00,150.00,150.00,625.00,25.00,50.00,150.00,150.00,150.00
317,0.79,3.09,1.28,1.09,1.22,3.09,1.10,2.31,1.22,9,25.0,75.00,150.00,525.00,150.00,150.00,75.00,150.00,150.00,150.00
318,0.79,3.09,1.28,1.09,1.22,3.09,1.10,2.31,1.22,9,25.0,425.00,500.00,150.00,125.00,150.00,625.00,150.00,150.00,25.00
319,0.79,3.09,1.28,1.09,1.22,3.09,1.10,2.31,1.22,9,25.0,150.00,150.00,25.00,150.00,150.00,150.00,150.00,150.00,475.00
320,0.80,3.09,1.28,1.09,1.22,3.09,1.10,2.31,1.22,9,25.0,150.00,550.00,150.00,150.00,625.00,150.00,475.00,150.00,25.00
321,0.79,3.09,1.28,1.09,1.22,3.09,1.10,2.31,1.22,9,25.0,150.00,50.00,100.00,25.00,150.00,175.00,100.00,150.00,25.00
322,0.79,3.09,1.28,1.09,1.22,3.09,1.10,2.31,1.22,9,25.0,150.00,450.00,150.00,150.00,350.00,150.00,150.00,150.00,25.00
323,0.78,3.09,1.28,1.09,1.22,3.09,1.10,2.31,1.22,9,25.0,150.00,150.00,150.00,150.00,150.00,150.00,150.00,150.00,150.00
324,0.80,3.09,1.28,1.09,1.22,3.09,1.10,2.31,1.22,9,25.0,600.00,625.00,150.00,550.00,550.00,325.00,150.00,25.00,150.00
325,0.81,3.09,1.28,1.09,1.22,3.09,1.10,2.31,1.22,9,25.0,150.00,175.00,150.00,150.00,150.00,625.00,150.00,575.00,150.00
326,0.80,3.09,1.28,1.09,1.22,3.09,1.10,2.31,1.22,9,25.0,50.00,150.00,150.00,625.00,150.00,625.00,150.00,125.00,150.00
327,0.79,3.09,1.28,1.09,1.22,3.09,1.10,2.31,1.22,9,25.0,50.00,150.00,150.00,150.00,50.00,125.00,150.00,550.00,50.00
328,0.77,3.09,1.28,1.09,1.22,3.09,1.10,2.31,1.22,9,25.0,150.00,150.00,150.00,575.00,400.00,150.00,25.00,400.00,150.00
329,0.77,3.09,1.28,1.09,1.22,3.09,1.10,2.31,1.22,9,25.0,150.00,600.00,175.00,150.00,150.00,125.00,150.00,150.00,150.00
330,0.78,3.09,1.28,1.09,1.22,3.09,1.10,2.31,1.22,9,25.0,350.00,150.00,150.00,25.00,150.00,150.00,500.00,25.00,150.00
331,0.79,3.09,1.28,1.09,1.22,3.09,1.10,2.31,1.22,9,25.0,150.00,600.00,600.00,150.00,150.00,150.00,50.00,150.00,150.00
332,0.79,3.09,1.28,1.09,1.22,3.09,1.10,2.31,1.22,9,25.0,25.00,150.00,625.00,150.00,75.00,175.00,150.00,150.00,625.00
333,0.81,3.09,1.28,1.09,1.22,3.09,1.10,2.31,1.22,9,25.0,625.00,500.00,150.00,550.00,150.00,150.00,625.00,150.00,600.00
334,0.81,3.09,1.28,1.09,1.22,3.09,1.10,2.31,1.22,9,25.0,150.00,100.00,125.00,500.00,525.00,125.00,150.00,100.00,150.00
335,0.82,3.09,1.28,1.09,1.22,3.09,1.10,2.31,1.22,9,25.0,50.00,150.00,150.00,150.00,75.00,150.00,150.00,125.00,675.00
336,0.83,30.87,12.82,6.27,5.02,30.87,6.47,23.15,5.02,10,24.0,552.00,144.00,144.00,168.00,144.00,144.00,480.00,144.00,48.00,456.00
337,0.83,30.87,12.82,6.27,5.02,30.87,6.47,23.15,5.02,10,24.0,144.00,600.00,144.00,144.00,480.00,144.00,24.00,144.00,168.00,552.00
